問題文,選択肢1,選択肢2,選択肢3,選択肢4,正解番号(0-3),カテゴリー(パーティ/歴史/マインクラフト/F1/競馬),難易度(1-5)
2020年に無敗でクラシック三冠を達成した牡馬は？,コントレイル,サリオス,ヴェルトライゼンデ,サトノフラッグ,0,競馬,1
2020年に無敗で牝馬三冠（トリプルティアラ）を達成した馬は？,デアリングタクト,レイパパレ,レシステンシア,マルターズディオサ,0,競馬,1
2020年のジャパンカップを制し、GⅠ9勝目を挙げた馬は？,アーモンドアイ,コントレイル,デアリングタクト,カレンブーケドール,0,競馬,1
2020年と2021年のグランプリ（宝塚記念・有馬記念）で合計3勝を挙げた牝馬は？,クロノジェネシス,ラッキーライラック,サラキア,カレンブーケドール,0,競馬,2
2021年の皐月賞、天皇賞（秋）、有馬記念を制し、年度代表馬に選ばれた馬は？,エフフォーリア,シャフリヤール,タイトルホルダー,ステラヴェローチェ,0,競馬,1
2021年の桜花賞を制した白毛馬は？,ソダシ,サトノレイナス,ファインルージュ,アカイトリノムスメ,0,競馬,1
2021年の日本ダービーを制した馬は？,シャフリヤール,エフフォーリア,ステラヴェローチェ,グレートマジシャン,0,競馬,2
2022年の天皇賞（秋）と有馬記念を制し、年度代表馬となった馬は？,イクイノックス,ドウデュース,タイトルホルダー,ジャスティンパレス,0,競馬,1
2022年の日本ダービーを制した馬は？,ドウデュース,イクイノックス,アスクビクターモア,ダノンベルーガ,0,競馬,2
2023年に牝馬三冠（トリプルティアラ）を達成した馬は？,リバティアイランド,ハーパー,マスクトディーヴァ,ドゥーラ,0,競馬,1
2023年のジャパンカップを制し、GⅠ6連勝で引退した馬は？,イクイノックス,リバティアイランド,スターズオンアース,ドウデュース,0,競馬,1
2024年の日本ダービーを制した馬は？,ダノンデサイル,ジャスティンミラノ,シンエンペラー,シックスペンス,0,競馬,2
2024年の天皇賞（秋）とジャパンカップを連勝した馬は？,ドウデュース,リバティアイランド,タスティエーラ,ベラジオオペラ,0,競馬,2
2024年の安田記念を制した香港馬は？,ロマンチックウォリアー,ヴォイッジバブル,ソウルラッシュ,セリフォス,0,競馬,3
2020年のNHKマイルカップを制した馬は？,ラウダシオン,レシステンシア,ギルデッドミラー,タイセイビジョン,0,競馬,3
2021年の大阪杯を制した馬は？,レイパパレ,モズベッロ,コントレイル,グランアレグリア,0,競馬,3
2022年の高松宮記念を制した馬は？,ナランフレグ,ロータスランド,キルロード,メイケイエール,0,競馬,4
2023年のヴィクトリアマイルを制した馬は？,ソングライン,ソダシ,スターズオンアース,ナミュール,0,競馬,3
2024年の桜花賞を制した馬は？,ステレンボッシュ,アスコリピチェーノ,ライトバック,スウィープフィート,0,競馬,3
2025年のフェブラリーステークスを制した馬は？,コスタノヴァ,ペプチドナイル,レモンポップ,ウィリアムバローズ,0,競馬,4
2025年の天皇賞（春）を制した馬は？,ヘデントール,ドゥレッツァ,テーオーロイヤル,サリエラ,0,競馬,4
2025年の日本ダービーを制した馬は？,クロワデュノール,サトノシャイニング,マスカレードボール,アブキールベイ,0,競馬,4
2020年の安田記念、スプリンターズステークス、マイルチャンピオンシップを制した馬は？,グランアレグリア,アーモンドアイ,インディチャンプ,ダノンスマッシュ,0,競馬,2
2021年の菊花賞を逃げ切り勝ちした馬は？,タイトルホルダー,オーソリティ,ディヴァインフォース,ステラヴェローチェ,0,競馬,2
2022年のオークスを制した馬は？,スターズオンアース,スタニングローズ,ナミュール,エリカヴィータ,0,競馬,3
2023年の日本ダービーを制した馬は？,タスティエーラ,ソールオリエンス,ハーツコンチェルト,ベラジオオペラ,0,競馬,3
2024年のマイルチャンピオンシップを制した馬は？,ソウルラッシュ,エルトンバローズ,ウインマーベル,ブレイディヴェーグ,0,競馬,3
2025年の有馬記念を制した馬は？,ミュージアムマイル,レガレイラ,ドウデュース,スターズオンアース,0,競馬,4
2020年の最優秀4歳以上牝馬に選出されたのは？,アーモンドアイ,クロノジェネシス,グランアレグリア,ラッキーライラック,0,競馬,3
2021年の最優秀3歳牝馬に選出されたのは？,ソダシ,アカイトリノムスメ,ユーバーレーベン,サークルオブライフ,0,競馬,3
2022年の最優秀短距離馬に選出されたのは？,セリフォス,ナランフレグ,ジャンダルム,ソングライン,0,競馬,4
2023年の年度代表馬に選出されたのは？,イクイノックス,リバティアイランド,ウシュバテソーロ,ソングライン,0,競馬,1
2024年のJRA顕彰馬に選出されたのはコントレイルともう一頭は？,キングカメハメハ,ブエナビスタ,モーリス,オジュウチョウサン,0,競馬,4
2025年のJRA顕彰馬に選出された馬は？,イクイノックス,オジュウチョウサン,ブエナビスタ,モーリス,0,競馬,3
2024年のリーディングジョッキー（最多勝利騎手）は？,C.ルメール,川田将雅,戸崎圭太,坂井瑠星,0,競馬,3
2025年のリーディングジョッキー（最多勝利騎手）は？,C.ルメール,戸崎圭太,川田将雅,横山武史,0,競馬,4
2020年のホープフルステークスを制した馬は？,ダノンザキッド,オーソリティ,ヨーホーレイク,タイトルホルダー,0,競馬,4
2021年のヴィクトリアマイルを制した馬は？,グランアレグリア,ランブリングアレー,マジックキャッスル,ディアンドル,0,競馬,3
2022年のNHKマイルカップを制した馬は？,ダノンスコーピオン,マテンロウオリオン,セリフォス,インダストリア,0,競馬,4
2023年のスプリンターズステークスを制した馬は？,ママコチャ,マッドクール,ナムラクレア,ジャスパークローネ,0,競馬,3
2024年の菊花賞を制した馬は？,アーバンシック,ヘデントール,アドマイヤテラ,ショウナンラプンタ,0,競馬,3
2025年の大阪杯を制した馬は？,ベラジオオペラ,ローシャムパーク,プラダリア,タスティエーラ,0,競馬,4
2020年のチューリップ賞を制した馬は？,マルターズディオサ,クラヴァシュドール,レシステンシア,ウーマンズハート,0,競馬,5
2021年の金鯱賞を最低人気（10番人気）で逃げ切った馬は？,ギベオン,デアリングタクト,ポタジェ,グローリーヴェイズ,0,競馬,5
2022年の日経賞を制した馬は？,タイトルホルダー,ボッケリーニ,ヒートオンビート,アサマノイタズラ,0,競馬,4
2023年の京都記念を制した馬は？,ドウデュース,マテンロウレオ,プラダリア,キラーアビリティ,0,競馬,3
2024年の函館記念を制した馬は？,ホウオウビスケッツ,グランディア,アウスヴァール,サヴォーナ,0,競馬,5
2025年のジャパンカップを制した馬は？,カランダガン,オーギュストロダン,ゴリアット,レベルスロマンス,0,競馬,4
日本の競走馬の中で、獲得賞金総額（海外含む）が歴代1位の馬は？（2025年11月時点）,フォーエバーヤング,ウシュバテソーロ,イクイノックス,アーモンドアイ,0,競馬,4
2023年のJRA賞で「最優秀4歳以上牡馬」に選出されたのは？,イクイノックス,ドウデュース,ジャスティンパレス,タイトルホルダー,0,競馬,2
2024年の皐月賞を制した馬は？,ジャスティンミラノ,コスモキュランダ,ジャンタルマンタル,アーバンシック,0,競馬,2
2024年のNHKマイルカップを制した馬は？,ジャンタルマンタル,アスコリピチェーノ,ロジリオン,ゴンバデカーブース,0,競馬,2
2024年のオークス（優駿牝馬）を制した馬は？,チェルヴィニア,ステレンボッシュ,ライトバック,クイーンズウォーク,0,競馬,2
2024年の宝塚記念を制した馬は？,ブローザホーン,ソールオリエンス,ベラジオオペラ,プラダリア,0,競馬,2
2024年の秋華賞を制した馬は？,チェルヴィニア,ボンドガール,ステレンボッシュ,ミアネーロ,0,競馬,2
2025年の高松宮記念を制した馬は？,サトノレーヴ,ルガル,ママコチャ,ナムラクレア,0,競馬,4
2025年の皐月賞を制した馬は？,ミュージアムマイル,ピコチャンブラック,ファウストラーゼン,マスカレードボール,0,競馬,4
2025年のオークス（優駿牝馬）を制した馬は？,カムニャック,エンブロイダリー,クリノメイ,ショウナンザナドゥ,0,競馬,4
2025年の宝塚記念を制した馬は？,メイショウタバル,ベラジオオペラ,ドウデュース,ジャスティンパレス,0,競馬,4
2025年の秋華賞を制した馬は？,エンブロイダリー,カムニャック,サフィラ,アドマイヤマツリ,0,競馬,4
2020年のチャンピオンズカップを制した馬は？,チュウワウィザード,ゴールドドリーム,クリソベリル,インティ,0,競馬,3
2021年のチャンピオンズカップを制した馬は？,テーオーケインズ,チュウワウィザード,アナザートゥルース,ソダシ,0,競馬,3
2022年のチャンピオンズカップを制した馬は？,ジュンライトボルト,クラウンプライド,ハピ,テーオーケインズ,0,競馬,3
2023年のチャンピオンズカップを制した馬は？,レモンポップ,ウィルソンテソーロ,ドゥラエレーデ,テーオーケインズ,0,競馬,3
2024年のチャンピオンズカップを制した馬は？,レモンポップ,ウィルソンテソーロ,ドゥラエレーデ,ハギノアレグリアス,0,競馬,3
2025年のチャンピオンズカップを制した馬は？,ダブルハートボンド,サンライズジパング,アウトレンジ,ミッキーファイト,0,競馬,4
2020年のマイルチャンピオンシップを制した馬は？,グランアレグリア,インディチャンプ,アドマイヤマーズ,サリオス,0,競馬,2
2021年のマイルチャンピオンシップを制した馬は？,グランアレグリア,シュネルマイスター,ダノンザキッド,インディチャンプ,0,競馬,2
2022年のマイルチャンピオンシップを制した馬は？,セリフォス,ダノンザキッド,ソダシ,ソウルラッシュ,0,競馬,3
2023年のマイルチャンピオンシップを制した馬は？,ナミュール,ソウルラッシュ,ジャスティンカフェ,エルトンバローズ,0,競馬,3
2025年のマイルチャンピオンシップを制した馬は？,ジャンタルマンタル,ソウルラッシュ,エルトンバローズ,ニシノスーベニア,0,競馬,4
2020年のスプリンターズステークスを制した馬は？,グランアレグリア,ダノンスマッシュ,アウィルアウェイ,モズスーパーフレア,0,競馬,2
2021年のスプリンターズステークスを制した馬は？,ピクシーナイト,レシステンシア,シヴァージ,メイケイエール,0,競馬,3
2022年のスプリンターズステークスを制した馬は？,ジャンダルム,ウインマーベル,ナランフレグ,ナムラクレア,0,競馬,3
2023年のスプリンターズステークスを制した馬は？,ママコチャ,マッドクール,ナムラクレア,ジャスパークローネ,0,競馬,3
2024年のスプリンターズステークスを制した馬は？,ルガル,トウシンマカオ,ナムラクレア,ママコチャ,0,競馬,3
2025年のスプリンターズステークスを制した馬は？,ウインカーネリアン,トウシンマカオ,サトノレーヴ,ルガル,0,競馬,4
2020年のJRA賞年度代表馬に選出されたのは？,アーモンドアイ,コントレイル,デアリングタクト,グランアレグリア,0,競馬,2
2025年のJRA賞で「最優秀4歳以上牡馬」および「最優秀ダートホース」に選出された馬は？,フォーエバーヤング,ウシュバテソーロ,レモンポップ,イクイノックス,0,競馬,4
2020年にJRA顕彰馬に選出された、GⅠ7勝を挙げた馬は？,キタサンブラック,モーリス,ブエナビスタ,キングカメハメハ,0,競馬,3
2025年にJRA顕彰馬に選出された馬は？,イクイノックス,オジュウチョウサン,アーモンドアイ,コントレイル,0,競馬,3
2025年のJRAリーディングジョッキー（最多勝利騎手）は？,C.ルメール,戸崎圭太,川田将雅,横山武史,0,競馬,4
2022年12月4日にJRA通算1000勝を達成した騎手は？,松山弘平,三浦皇成,田辺裕信,浜中俊,0,競馬,5
2023年6月24日にJRA通算1000勝を達成し、GⅠ未勝利での達成が話題となった騎手は？,三浦皇成,藤岡佑介,北村宏司,吉田隼人,0,競馬,5
2024年の京都記念を制した馬は？,プラダリア,ベラジオオペラ,バビット,マテンロウレオ,0,競馬,4
2025年の京都記念を制した馬は？,ヨーホーレイク,ディープモンスター,シュヴァリエローズ,プラダリア,0,競馬,5
2024年の根岸ステークスを制した馬は？,エンペラーワケア,アームズレイン,サンライズフレイム,ヘリオス,0,競馬,4
2025年の根岸ステークスを制した馬は？,コスタノヴァ,エンペラーワケア,パライバトルマリン,タマモロック,0,競馬,5
2025年の弥生賞を制した馬は？,ファウストラーゼン,ピコチャンブラック,マスカレードボール,シンフォーエバー,0,競馬,5
2024年の中山グランドジャンプを制した馬は？,イロゴトシ,マイネルグロン,ジューンベロシティ,ニシノデイジー,0,競馬,4
2025年の中山グランドジャンプを制した馬は？,エコロデュエル,マイネルグロン,ジューンベロシティ,スマイルスルー,0,競馬,5
2024年のヴィクトリアマイルを制した馬は？,テンハッピーローズ,フィアスプライド,マスクトディーヴァ,ナミュール,0,競馬,3
2025年のヴィクトリアマイルを制した馬は？,アスコリピチェーノ,ステレンボッシュ,ブレイディヴェーグ,チェルヴィニア,0,競馬,4
2024年の安田記念を制したロマンチックウォリアーの調教国は？,香港,オーストラリア,イギリス,フランス,0,競馬,3
2025年の安田記念を制した馬は？,ジャンタルマンタル,アスコリピチェーノ,セリフォス,ソウルラッシュ,0,競馬,4
国内だけで稼いだ獲得賞金額（円）が歴代1位の馬は？（2025年時点）,キタサンブラック,テイエムオペラオー,イクイノックス,アーモンドアイ,0,競馬,5
2021年のホープフルステークスを制した馬は？,キラーアビリティ,ジャスティンパレス,ラーグルフ,コマンドライン,0,競馬,3
2022年のホープフルステークスを制した馬は？,ドゥラエレーデ,トップナイフ,キングズレイン,ファントムシーフ,0,競馬,3
2023年のホープフルステークスを制した牝馬は？,レガレイラ,シンエンペラー,サンライズジパング,ゴンバデカーブース,0,競馬,3
2024年のホープフルステークスを制した馬は？,クロワデュノール,サトノカルナバル,アルテヴェローチェ,マジックサンズ,0,競馬,4
2020年の天皇賞（春）を制した馬は？,フィエールマン,スティッフェリオ,ミッキースワロー,ユーキャンスマイル,0,競馬,3
2021年の天皇賞（春）を制した馬は？,ワールドプレミア,ディープボンド,カレンブーケドール,アリストテレス,0,競馬,3
2022年の天皇賞（春）を制した馬は？,タイトルホルダー,ディープボンド,テーオーロイヤル,ヒートオンビート,0,競馬,2
2023年の天皇賞（春）を制した馬は？,ジャスティンパレス,ディープボンド,シルヴァーソニック,ブレークアップ,0,競馬,3
2024年の天皇賞（春）を制した馬は？,テーオーロイヤル,ブローザホーン,ディープボンド,プリュムドール,0,競馬,3
2020年の高松宮記念を制した馬は？,モズスーパーフレア,グランアレグリア,ダイアトニック,クリノガウディー,0,競馬,3
2021年の高松宮記念を制した馬は？,ダノンスマッシュ,レシステンシア,インディチャンプ,ライトオンキュー,0,競馬,3
2023年の高松宮記念を制した馬は？,ファストフォース,ナムラクレア,トゥラヴェスーラ,ナランフレグ,0,競馬,3
2024年の高松宮記念を制した馬は？,マッドクール,ナムラクレア,ビクターザウィナー,ママコチャ,0,競馬,3
2020年のフェブラリーステークスを制した馬は？,モズアスコット,ケイティブレイブ,サンライズノヴァ,ワンダーリーデル,0,競馬,3
2021年のフェブラリーステークスを制した馬は？,カフェファラオ,エアスピネル,ワンダーリーデル,レッドルゼル,0,競馬,3
2022年のフェブラリーステークスを制した馬は？,カフェファラオ,テイエムサウスダン,ソダシ,ソリストサンダー,0,競馬,3
2023年のフェブラリーステークスを制した馬は？,レモンポップ,レッドルゼル,メイショウハリオ,ドライスタウト,0,競馬,3
2024年のフェブラリーステークスを制した馬は？,ペプチドナイル,ガイアフォース,セキフウ,タガノビューティー,0,競馬,3
2020年の大阪杯を制した馬は？,ラッキーライラック,クロノジェネシス,ダノンキングリー,カデナ,0,競馬,3
2022年の大阪杯を制した馬は？,ポタジェ,レイパパレ,アリーヴォ,ヒシイグアス,0,競馬,3
2023年の大阪杯を制した馬は？,ジャックドール,スターズオンアース,ダノンザキッド,マテンロウレオ,0,競馬,3
2024年の大阪杯を制した馬は？,ベラジオオペラ,ローシャムパーク,ルージュエヴァイユ,ステラヴェローチェ,0,競馬,3
2021年の安田記念を制した馬は？,ダノンキングリー,グランアレグリア,シュネルマイスター,インディチャンプ,0,競馬,3
2022年の安田記念を制した馬は？,ソングライン,シュネルマイスター,サリオス,セリフォス,0,競馬,3
2023年の安田記念を制した馬は？,ソングライン,セリフォス,シュネルマイスター,ガイアフォース,0,競馬,3
2020年の宝塚記念を制した馬は？,クロノジェネシス,キセキ,モズベッロ,サートゥルナーリア,0,競馬,2
2023年の宝塚記念を制した馬は？,イクイノックス,スルーセブンシーズ,ジャスティンパレス,ジェラルディーナ,0,競馬,2
2021年のジャパンカップを制し、有終の美を飾った馬は？,コントレイル,オーソリティ,シャフリヤール,サンレイポケット,0,競馬,2
2022年のジャパンカップを制した馬は？,ヴェラアズール,シャフリヤール,ヴェルトライゼンデ,デアリングタクト,0,競馬,3
2023年の有馬記念を制した馬は？,ドウデュース,スターズオンアース,タイトルホルダー,ジャスティンパレス,0,競馬,2
2024年の有馬記念を制した馬は？,レガレイラ,スターズオンアース,ドウデュース,ベラジオオペラ,0,競馬,3
2024年の朝日杯フューチュリティステークスを制した馬は？,アドマイヤズーム,カヴァレリッツォ,パンジャタワー,アルマヴェローチェ,0,競馬,4
2025年の朝日杯フューチュリティステークスを制した馬は？,カヴァレリッツォ,アドマイヤクワッズ,スターアニス,ダイヤモンドノット,0,競馬,4
2024年の阪神ジュベナイルフィリーズを制した馬は？,アルマヴェローチェ,ダンツエラン,ブラウンラチェット,エコロアルバ,0,競馬,4
2025年の阪神ジュベナイルフィリーズを制した馬は？,スターアニス,フェスティバルヒル,フィロステファニ,エコロアルバ,0,競馬,4
2020年のJRA賞最優秀2歳牝馬に選出されたのは？,ソダシ,サトノレイナス,メイケイエール,ユーバーレーベン,0,競馬,3
2021年のJRA賞最優秀2歳牡馬に選出されたのは？,ドウデュース,セリフォス,キラーアビリティ,イクイノックス,0,競馬,3
2022年のJRA賞最優秀2歳牝馬に選出されたのは？,リバティアイランド,ラヴェル,ドゥーラ,キタウイング,0,競馬,3
2023年のJRA賞最優秀2歳牡馬に選出されたのは？,ジャンタルマンタル,エコロヴァルツ,シンエンペラー,ダノンデサイル,0,競馬,3
2024年の毎日王冠を制した馬は？,シックスペンス,ホウオウビスケッツ,エルトンバローズ,ローシャムパーク,0,競馬,4
2025年の毎日王冠を制した馬は？,レーベンスティール,シックスペンス,ヨーホーレイク,エルトンバローズ,0,競馬,5
2024年の札幌記念を制した馬は？,ノースブリッジ,ジオグリフ,ステラヴェローチェ,プログノーシス,0,競馬,4
2025年の札幌記念を制した馬は？,トップナイフ,ドゥラエレーデ,プログノーシス,シャフリヤール,0,競馬,5
2024年のオールカマーを制した馬は？,レーベンスティール,アウスヴァール,リカンカブール,サヴォーナ,0,競馬,4
2025年のオールカマーを制した馬は？,レガレイラ,レーベンスティール,サヴォーナ,ミクソロジー,0,競馬,5
2024年の神戸新聞杯を制した馬は？,メイショウタバル,ジューンテイク,ショウナンラプンタ,オールセインツ,0,競馬,4
2025年の神戸新聞杯を制した馬は？,エリキング,ジャスティンビスタ,ショウヘイ,カナルビーグル,0,競馬,5
2024年のセントライト記念を制した馬は？,アーバンシック,コスモキュランダ,エコロヴァルツ,ヤマニンアドホック,0,競馬,4
2025年のセントライト記念を制した馬は？,ミュージアムマイル,ピコチャンブラック,アブキールベイ,ファンダム,0,競馬,5
2024年のローズステークスを制した馬は？,クイーンズウォーク,チェルヴィニア,カニキュル,セキトバイースト,0,競馬,4
2025年のローズステークスを制した馬は？,カムニャック,エンブロイダリー,ショウナンザナドゥ,サフィラ,0,競馬,5
2025年のデイリー杯2歳ステークスを制した馬は？,アドマイヤクワッズ,ランフォーヴァウ,ドラゴンブースト,ロブチェン,0,競馬,5
2025年の京都2歳ステークスを制した馬は？,ジャスティンビスタ,エリキング,カヴァレリッツォ,ジョバンニ,0,競馬,5
2025年の京王杯2歳ステークスを制した馬は？,ダイヤモンドノット,パンジャタワー,エイシンワンド,マイネルチケット,0,競馬,5
2025年のNHKマイルカップを制した馬は？,パンジャタワー,マスカレードボール,ロブチェン,アルマヴェローチェ,0,競馬,3
2025年の天皇賞（秋）を制した馬は？,マスカレードボール,ドウデュース,レーベンスティール,ジャンタルマンタル,0,競馬,3
2025年のエリザベス女王杯を制した馬は？,レガレイラ,エンブロイダリー,スタニングローズ,ブレイディヴェーグ,0,競馬,3
2024年のエリザベス女王杯を制した馬は？,スタニングローズ,ラヴェル,ホールネス,シンリョクカ,0,競馬,3
2025年のホープフルステークスを制した馬は？,ロブチェン,カヴァレリッツォ,エコロデュエル,ニシノデイジー,0,競馬,4
2024年の京都記念を制した馬は？,プラダリア,ベラジオオペラ,バビット,マテンロウレオ,0,競馬,3
2024年の中山記念を制した馬は？,マテンロウスカイ,ドーブネ,ジオグリフ,ソールオリエンス,0,競馬,4
2025年の中山記念を制した馬は？,シックスペンス,マテンロウスカイ,エルトンバローズ,ソールオリエンス,0,競馬,4
2024年の金鯱賞を制した馬は？,プログノーシス,ドゥレッツァ,ヨーホーレイク,ハヤヤッコ,0,競馬,3
2025年の金鯱賞を制した馬は？,クイーンズウォーク,プログノーシス,ヨーホーレイク,ドゥレッツァ,0,競馬,4
2024年の阪神大賞典を制した馬は？,テーオーロイヤル,ワープスピード,ブローザホーン,シルヴァーソニック,0,競馬,3
2025年の阪神大賞典を制した馬は？,サンライズアース,テーオーロイヤル,サリエラ,ディープボンド,0,競馬,4
2024年の日経新春杯を制した馬は？,ブローザホーン,サヴォーナ,サトノグランツ,ハーツコンチェルト,0,競馬,4
2025年の日経新春杯を制した馬は？,ロードデルレイ,ヴェローチェエラ,サヴォーナ,ブローザホーン,0,競馬,4
2024年のシルクロードステークスを制した馬は？,ルガル,アグリ,エターナルタイム,サンライズロナウド,0,競馬,4
2025年のシルクロードステークスを制した馬は？,エイシンフェンサー,ルガル,トウシンマカオ,ママコチャ,0,競馬,5
2024年の東京新聞杯を制した馬は？,サクラトゥジュール,ウインカーネリアン,ホウオウビスケッツ,アスクコンナモンダ,0,競馬,4
2025年の東京新聞杯を制した馬は？,ウォーターリヒト,サクラトゥジュール,アスクコンナモンダ,プレサージュリフト,0,競馬,5
2024年の弥生賞ディープインパクト記念を制した馬は？,コスモキュランダ,シンエンペラー,シリウスコルト,トロヴァトーレ,0,競馬,3
2024年のチューリップ賞を制した馬は？,スウィープフィート,セキトバイースト,ハワイアンティアレ,タガノエルピーダ,0,競馬,3
2025年のチューリップ賞を制した馬は？,クリノメイ,ダンツエラン,ブラウンラチェット,ゴーソーファー,0,競馬,4
2025年のフラワーカップを制した馬は？,レーゼドラマ,エリカエクスプレス,カニキュル,ミアネーロ,0,競馬,5
2024年のファルコンステークスを制した馬は？,ダノンマッキンリー,オーキッドロマンス,ソンシ,シュトラウス,0,競馬,4
2025年のファルコンステークスを制した馬は？,ヤンキーバローズ,エイシンワンド,エンドレスサマー,ジャスパーノワール,0,競馬,5
2024年のスプリングステークスを制した馬は？,シックスペンス,アレグロブリランテ,ルカランフィースト,チャンネルトンネル,0,競馬,4
2025年のスプリングステークスを制した馬は？,ピコチャンブラック,ヒシアマン,パトリオット,ウォーターリヒト,0,競馬,5
2024年のニュージーランドトロフィーを制した馬は？,エコロブルーム,ボンドガール,ユキノロイヤル,カズミクラーシュ,0,競馬,4
2025年のニュージーランドトロフィーを制した馬は？,イミグラントソング,タイセイカレント,シンフォーエバー,エイシンワンド,0,競馬,5
2024年の青葉賞を制した馬は？,シュガークン,ショウナンラプンタ,デュアルウィルダー,サトノシュトラーセ,0,競馬,4
2025年の青葉賞を制した馬は？,エネルジコ,アマキヒ,サトノシャイニング,タイセイカレント,0,競馬,4
2024年の目黒記念を制した馬は？,シュトルーヴェ,シュヴァリエローズ,クロミナンス,ジューンアヲニヨシ,0,競馬,4
2025年の目黒記念を制した馬は？,アドマイヤテラ,シュトルーヴェ,クロミナンス,マイネルウィルトス,0,競馬,5
2024年のエプソムカップを制した馬は？,レーベンスティール,ニシノスーベニア,シルトホルン,サイルーン,0,競馬,4
2025年のエプソムカップを制した馬は？,セイウンハーデス,シルトホルン,アルナシーム,レーベンスティール,0,競馬,5
2024年の七夕賞を制した馬は？,レッドラディエンス,キングズパレス,ノッキングポイント,ダンディズム,0,競馬,4
2025年の七夕賞を制した馬は？,コスモフリーゲン,レッドラディエンス,リフレーミング,ボーンディスウェイ,0,競馬,5
2024年の関屋記念を制した馬は？,トゥードジボン,ディオ,ジュンブロッサム,ロジリオン,0,競馬,4
2025年の関屋記念を制した馬は？,カナテープ,トゥードジボン,ジュンブロッサム,ディオ,0,競馬,5
2024年のキーンランドカップを制した馬は？,サトノレーヴ,エイシンスポッター,オオバンブルマイ,モリノドリーム,0,競馬,4
2025年のキーンランドカップを制した馬は？,パンジャタワー,サトノレーヴ,オオバンブルマイ,ビッグシーザー,0,競馬,4
2024年の京都大賞典を制した馬は？,シュヴァリエローズ,ディープボンド,メイショウブレゲ,プラダリア,0,競馬,4
2025年の京都大賞典を制した馬は？,ディープモンスター,シュヴァリエローズ,ブローザホーン,プラダリア,0,競馬,5
2024年のアルゼンチン共和国杯を制した馬は？,ハヤヤッコ,クロミナンス,タイセイフェリーク,アドマイヤハダル,0,競馬,4
2025年のアルゼンチン共和国杯を制した馬は？,ミステリーウェイ,ハヤヤッコ,クロミナンス,マイネルウィルトス,0,競馬,5
2024年のカペラステークスを制した馬は？,ガビーズシスター,テイエムトッキュウ,メタマックス,チカッパ,0,競馬,4
2025年のカペラステークスを制した馬は？,テーオーエルビス,ガビーズシスター,チカッパ,メタマックス,0,競馬,5
2024年のステイヤーズステークスを制した馬は？,シュヴァリエローズ,シルヴァーソニック,アイアンバローズ,ディープボンド,0,競馬,4
2025年のステイヤーズステークスを制した馬は？,ホーエリート,シュヴァリエローズ,アイアンバローズ,テーオーロイヤル,0,競馬,5
2025年のJRA賞で「最優秀ダートホース」に選出された馬は？,フォーエバーヤング,レモンポップ,ウシュバテソーロ,アマンテビアンコ,0,競馬,3
2024年のJRA賞で「最優秀4歳以上牡馬」に選出された馬は？,ドウデュース,イクイノックス,タイトルホルダー,ジャスティンパレス,0,競馬,2
2020年の菊花賞を制し、無敗の三冠馬となったのは？,コントレイル,アリストテレス,サトノフラッグ,ディープボンド,0,競馬,1
2020年の愛知杯を制した馬は？,デンコウアンジュ,アルメリアブルーム,レイホーロマンス,センテリュオ,0,競馬,4
2021年の東海ステークスを制した馬は？,オーヴェルニュ,アナザートゥルース,インティ,ダイオライト,0,競馬,4
2022年のシルクロードステークスを制した馬は？,メイケイエール,シャインガーネット,ナランフレグ,カレンモエ,0,競馬,4
2023年の京成杯を制した馬は？,ソールオリエンス,オメガリッチマン,セブンマジシャン,シャンパンカラー,0,競馬,4
2024年の日経新春杯を制した馬は？,ブローザホーン,サヴォーナ,サトノグランツ,ハーツコンチェルト,0,競馬,4
2025年の京都金杯を制した馬は？,サクラトゥジュール,トゥードジボン,セッション,コレペティトール,0,競馬,5
2020年のオーシャンステークスを制した馬は？,ダノンスマッシュ,ナックビーナス,タワーオブロンドン,キングハート,0,競馬,4
2021年のフラワーカップを制した馬は？,ホウオウイクセル,エンスージアズム,ユーバーレーベン,クールキャット,0,競馬,4
2022年のマーチステークスを制した馬は？,メイショウハリオ,ケンシンコウ,ヒストリーメイカー,アイオライト,0,競馬,4
2023年のダービー卿チャレンジトロフィーを制した馬は？,インダストリア,ジャスティンカフェ,ゾンニッヒ,マテンロウオリオン,0,競馬,4
2024年の福島牝馬ステークスを制した馬は？,コスタボニータ,フィールシンパシー,ウインピクシス,タガノパッション,0,競馬,4
2025年の小倉大賞典を制した馬は？,ロングラン,エピファニー,セルバーグ,ダンディズム,0,競馬,5
2020年のエプソムカップを制した馬は？,ダイワキャグニー,ソーグリッタリング,トーラスジェミニ,アンドラステ,0,競馬,4
2021年の函館スプリントステークスを制した馬は？,ビアンフェ,カレンモエ,ミッキーブリランテ,シゲルピンクルビー,0,競馬,4
2022年のラジオNIKKEI賞を制した馬は？,フェーングロッテン,ショウナンマグマ,サトノヘリオス,ベジャール,0,競馬,4
2023年のプロキオンステークスを制した馬は？,ドンフランキー,リメイク,タガノビューティー,オメガレインボー,0,競馬,4
2024年の札幌記念を制した馬は？,ノースブリッジ,ジオグリフ,ステラヴェローチェ,プログノーシス,0,競馬,4
2025年の新潟記念を制した馬は？,シランケド,ライトバック,シンリョクカ,キングズパレス,0,競馬,5
2020年のローズステークスを制した馬は？,リアアメリア,ムジカ,オーマイダーリン,デゼル,0,競馬,4
2021年の神戸新聞杯を制した馬は？,ステラヴェローチェ,レッドジェネシス,モンテディオ,シャフリヤール,0,競馬,4
2022年のスワンステークスを制した馬は？,ダイアトニック,ララクリスティーヌ,ルプリuフォール,ホウオウアマゾン,0,競馬,4
2023年の武蔵野ステークスを制した馬は？,ドライスタウト,タガノビューティー,レッドルゼル,ペリエール,0,競馬,4
2024年の京阪杯を制した馬は？,ビッグシーザー,ウインカーネリアン,モズメイメイ,エイシンスポッター,0,競馬,5
2025年のカペラステークスを制した馬は？,テーオーエルビス,ガビーズシスター,チカッパ,メタマックス,0,競馬,5
2020年のステイヤーズステークスを制した馬は？,オセアグレイト,タガノディアマンテ,ポンデザール,アルバート,0,競馬,4
2021年のカペラステークスを制した馬は？,ダンシングプリンス,リュウノユキナ,オメガレインボー,モズスーパーフレア,0,競馬,4
2022年の阪神カップを制した馬は？,ダイアトニック,グレナディアガーズ,ラウダシオン,バスラットレオン,0,競馬,4
2023年のターコイズステークスを制した馬は？,フィアスプライド,フィールシンパシー,ミスニューヨーク,ソーダズリング,0,競馬,4
2024年のチャレンジカップを制した馬は？,ラヴェル,ベラジオオペラ,ボッケリーニ,エピファニー,0,競馬,5
2025年の中日新聞杯を制した馬は？,シェイクユアハート,ヤマニンサルバム,ハヤヤッコ,リューベック,0,競馬,5
2024年のJRA賞で「最優秀4歳以上牡馬」に選出された馬は？,ドウデュース,イクイノックス,タイトルホルダー,ジャスティンパレス,0,競馬,2
2025年のJRA賞で「最優秀ダートホース」に選出された馬は？,フォーエバーヤング,ウシュバテソーロ,レモンポップ,アマンテビアンコ,0,競馬,3
2024年にJRA顕彰馬に選出されたのはコントレイルとどの馬か？,キングカメハメハ,ブエナビスタ,モーリス,オジュウチョウサン,0,競馬,3
2025年にJRA顕彰馬に選出された馬は？,イクイノックス,オジュウチョウサン,ブエナビスタ,モーリス,0,競馬,3
2024年のJRAリーディングジョッキー（最多勝利騎手）は？,C.ルメール,川田将雅,戸崎圭太,坂井瑠星,0,競馬,3
2025年のJRAリーディングジョッキー（最多勝利騎手）は？,C.ルメール,戸崎圭太,川田将雅,横山武史,0,競馬,3
2021年5月8日にJRA通算1000勝を達成した騎手は？,吉田隼人,藤岡佑介,北村宏司,三浦皇成,0,競馬,5
2022年12月4日にJRA通算1000勝を達成した騎手は？,松山弘平,田辺裕信,浜中俊,三浦皇成,0,競馬,5
2023年6月24日にJRA通算1000勝を達成した騎手は？,三浦皇成,藤岡佑介,北村宏司,丸山元気,0,競馬,5
2025年11月時点で、日本の競走馬として獲得賞金総額（海外含む）が歴代1位の馬は？,フォーエバーヤング,ウシュバテソーロ,イクイノックス,アーモンドアイ,0,競馬,4
2025年11月時点で、日本の競走馬として獲得賞金総額（海外含む）が歴代2位の馬は？,ウシュバテソーロ,イクイノックス,アーモンドアイ,キタサンブラック,0,競馬,4
2024年の有馬記念を制した馬は？,レガレイラ,スターズオンアース,ドウデュース,ベラジオオペラ,0,競馬,3
2025年の有馬記念を制した馬は？,ミュージアムマイル,レガレイラ,ドウデュース,スターズオンアース,0,競馬,4
2024年のジャパンカップを制した馬は？,ドウデュース,リバティアイランド,タスティエーラ,スターズオンアース,0,競馬,2
2025年のジャパンカップを制した馬は？,カランダガン,オーギュストロダン,ゴリアット,レベルスロマンス,0,競馬,4
2024年のマイルチャンピオンシップを制した馬は？,ソウルラッシュ,エルトンバローズ,ウインマーベル,ブレイディヴェーグ,0,競馬,3
2025年のマイルチャンピオンシップを制した馬は？,ジャンタルマンタル,ソウルラッシュ,エルトンバローズ,ニシノスーベニア,0,競馬,4
2024年の菊花賞を制した馬は？,アーバンシック,ヘデントール,アドマイヤテラ,ショウナンラプンタ,0,競馬,3
2025年の菊花賞を制した馬は？,エネルジコ,ヘデントール,メリオーレム,ウエストナウ,0,競馬,4
2025年の天皇賞（秋）を制した馬は？,マスカレードボール,ドウデュース,レーベンスティール,ジャンタルマンタル,0,競馬,3
2020年のチューリップ賞を制した馬は？,マルターズディオサ,クラヴァシュドール,レシステンシア,ウーマンズハート,0,競馬,4
2021年のチューリップ賞で同着優勝した2頭はメイケイエールと？,エリザベスタワー,ストゥーティ,タガノパッション,シャーレイポピー,0,競馬,5
2022年のチューリップ賞を制した馬は？,ナミュール,ピンハイ,サークルオブライフ,ウォーターナビレラ,0,競馬,4
2023年のチューリップ賞を制した馬は？,モズメイメイ,コナコースト,ペリファーニア,ドゥーラ,0,競馬,4
2024年のチューリップ賞を制した馬は？,スウィープフィート,セキトバイースト,ハワイアンティアレ,タガノエルピーダ,0,競馬,4
2025年のチューリップ賞を制した馬は？,クリノメイ,ダンツエラン,ブラウンラチェット,ゴーソーファー,0,競馬,5
2020年の弥生賞ディープインパクト記念を制した馬は？,サトノフラッグ,ワーケア,オーソリティ,ブラックホール,0,競馬,4
2021年の弥生賞ディープインパクト記念を制した馬は？,タイトルホルダー,シュネルマイスター,ダノンザキッド,ソーヴァリアント,0,競馬,4
2022年の弥生賞ディープインパクト記念を制した馬は？,アスクビクターモア,ドウデュース,ボーンディスウェイ,ジャスティンロック,0,競馬,4
2023年の弥生賞ディープインパクト記念を制した馬は？,タスティエーラ,トップナイフ,ワンダイレクト,グリューネグリーン,0,競馬,4
2024年の弥生賞ディープインパクト記念を制した馬は？,コスモキュランダ,シンエンペラー,シリウスコルト,トロヴァトーレ,0,競馬,4
2025年の弥生賞ディープインパクト記念を制した馬は？,ファウストラーゼン,ピコチャンブラック,マスカレードボール,シンフォーエバー,0,競馬,5
2020年の青葉賞を制した馬は？,オーソリティ,ヴァルコス,フィリオアレグロ,サトノフウジン,0,競馬,4
2021年の青葉賞を制した馬は？,ワンダフルタウン,キングストンボーイ,レッドヴェロシティ,アオイショー,0,競馬,4
2022年の青葉賞を制した馬は？,プラダリア,ロードレゼル,エターナルビクトリ,レヴァンジル,0,競馬,4
2023年の青葉賞を制した馬は？,スキルヴィング,ハーツコンチェルト,ティムール,メイテソーロ,0,競馬,4
2024年の青葉賞を制した馬は？,シュガークン,ショウナンラプンタ,デュアルウィルダー,サトノシュトラーセ,0,競馬,4
2025年の青葉賞を制した馬は？,エネルジコ,アマキヒ,サトノシャイニング,タイセイカレント,0,競馬,5
2020年の神戸新聞杯を制した馬は？,コントレイル,ヴェルトライゼンデ,ロバートソンキー,ディープボンド,0,競馬,4
2021年の神戸新聞杯を制した馬は？,ステラヴェローチェ,レッドジェネシス,モンテディオ,シャフリヤール,0,競馬,4
2022年の神戸新聞杯を制した馬は？,ジャスティンパレス,ヤマニンゼスト,ボルドグフーシュ,ヴェローナシチー,0,競馬,4
2023年の神戸新聞杯を制した馬は？,サトノグランツ,サヴォーナ,ファントムシーフ,ハーツコンチェルト,0,競馬,4
2024年の神戸新聞杯を制した馬は？,メイショウタバル,ジューンテイク,ショウナンラプンタ,オールセインツ,0,競馬,4
2025年の神戸新聞杯を制した馬は？,エリキング,ジャスティンビスタ,ショウヘイ,カナルビーグル,0,競馬,5
2020年の毎日王冠を制した馬は？,サリオス,ダイワキャグニー,サンレイポケット,カデナ,0,競馬,4
2021年の毎日王冠を制した馬は？,シュネルマイスター,ダノンキングリー,ポタジェ,ダイワキャグニー,0,競馬,4
2022年の毎日王冠を制した馬は？,サリオス,ジャスティンカフェ,ダノンキッド,レイパパレ,0,競馬,4
2023年の毎日王冠を制した馬は？,エルトンバローズ,ソングライン,シュネルマイスター,アドマイヤハダル,0,競馬,4
2024年の毎日王冠を制した馬は？,シックスペンス,ホウオウビスケッツ,エルトンバローズ,ローシャムパーク,0,競馬,4
2025年の毎日王冠を制した馬は？,レーベンスティール,シックスペンス,ヨーホーレイク,エルトンバローズ,0,競馬,5
2024年の天皇賞（春）を制した馬は？,テーオーロイヤル,ブローザホーン,ディープボンド,プリュムドール,0,競馬,3
2025年の天皇賞（春）を制した馬は？,ヘデントール,ドゥレッツァ,テーオーロイヤル,サリエラ,0,競馬,4
2024年のNHKマイルカップを制した馬は？,ジャンタルマンタル,アスコリピチェーノ,ロジリオン,ゴンバデカーブース,0,競馬,3
2025年のNHKマイルカップを制した馬は？,パンジャタワー,マスカレードボール,ロブチェン,アルマヴェローチェ,0,競馬,4
2024年のヴィクトリアマイルを制した馬は？,テンハッピーローズ,フィアスプライド,マスクトディーヴァ,ナミュール,0,競馬,3
2025年のヴィクトリアマイルを制した馬は？,アスコリピチェーノ,ステレンボッシュ,ブレイディヴェーグ,チェルヴィニア,0,競馬,4
2024年の安田記念を制した香港馬は？,ロマンチックウォリアー,ヴォイッジバブル,ソウルラッシュ,セリフォス,0,競馬,3
2025年の安田記念を制した馬は？,ジャンタルマンタル,アスコリピチェーノ,セリフォス,ソウルラッシュ,0,競馬,4
2024年の宝塚記念を制した馬は？,ブローザホーン,ソールオリエンス,ベラジオオペラ,プラダリア,0,競馬,3
2025年の宝塚記念を制した馬は？,メイショウタバル,ベラジオオペラ,ドウデュース,ジャスティンパレス,0,競馬,4
2024年のスプリンターズステークスを制した馬は？,ルガル,トウシンマカオ,ナムラクレア,ママコチャ,0,競馬,3
2025年のスプリンターズステークスを制した馬は？,ウインカーネリアン,トウシンマカオ,サトノレーヴ,ルガル,0,競馬,4
2024年の秋華賞を制した馬は？,チェルヴィニア,ボンドガール,ステレンボッシュ,ミアネーロ,0,競馬,3
2025年の秋華賞を制した馬は？,エンブロイダリー,カムニャック,サフィラ,アドマイヤマツリ,0,競馬,4
2024年のエリザベス女王杯を制した馬は？,スタニングローズ,ラヴェル,ホールネス,シンリョクカ,0,競馬,3
2025年のエリザベス女王杯を制した馬は？,レガレイラ,エンブロイダリー,スタニングローズ,ブレイディヴェーグ,0,競馬,4
2024年のホープフルステークスを制した馬は？,クロワデュノール,サトノカルナバル,アルテヴェローチェ,マジックサンズ,0,競馬,4
2025年のホープフルステークスを制した馬は？,ロブチェン,カヴァレリッツォ,エコロデュエル,ニシノデイジー,0,競馬,4
GⅠレース6連勝（海外含む）の記録を持つ馬はイクイノックスともう一頭は？,ロードカナロア,アーモンドアイ,ディープインパクト,コントレイル,0,競馬,5
2025年現在、国内だけで稼いだ獲得賞金が歴代1位の競走馬は？,フォーエバーヤング,キタサンブラック,イクイノックス,テイエムオペラオー,0,競馬,5